Year,Category,Title,Type,Person,Won,Multiple Names
2025,Best Film,Conclave,movie,Tessa Ross; Juliette Howell; Michael A. Jackman,TRUE,TRUE
2025,Best Film,Anora,movie,Alex Coco; Samantha Quan; Sean Baker,FALSE,TRUE
2025,Best Film,The Brutalist,movie,Nick Gordon; Brian Young; Andrew Morrison; D.J. Gugenheim; Brady Corbet,FALSE,TRUE
2025,Best Film,A Complete Unknown,movie,Alex Heineman; Fred Berger; James Mangold,FALSE,TRUE
2025,Best Film,Emilia Pérez,movie,Pascal Caucheteux; Jacques Audiard,FALSE,TRUE
2025,Best Director,The Brutalist,movie,Brady Corbet,TRUE,FALSE
2025,Best Director,Emilia Pérez,movie,Jacques Audiard,FALSE,FALSE
2025,Best Director,Anora,movie,Sean Baker,FALSE,FALSE
2025,Best Director,Conclave,movie,Edward Berger,FALSE,FALSE
2025,Best Director,The Substance,movie,Coralie Fargeat,FALSE,FALSE
2025,Best Director,Dune: Part Two,movie,Denis Villeneuve,FALSE,FALSE
2025,Best Actor in a Leading Role,The Brutalist,movie,Adrien Brody,TRUE,FALSE
2025,Best Actor in a Leading Role,A Complete Unknown,movie,Timothée Chalamet,FALSE,FALSE
2025,Best Actor in a Leading Role,Sing Sing,movie,Colman Domingo,FALSE,FALSE
2025,Best Actor in a Leading Role,Conclave,movie,Ralph Fiennes,FALSE,FALSE
2025,Best Actor in a Leading Role,Heretic,movie,Hugh Grant,FALSE,FALSE
2025,Best Actor in a Leading Role,The Apprentice,movie,Sebastian Stan,FALSE,FALSE
2025,Best Actress in a Leading Role,Anora,movie,Mikey Madison,TRUE,FALSE
2025,Best Actress in a Leading Role,Wicked,movie,Cynthia Erivo,FALSE,FALSE
2025,Best Actress in a Leading Role,Emilia Pérez,movie,Karla Sofía Gascón,FALSE,FALSE
2025,Best Actress in a Leading Role,Hard Truths,movie,Marianne Jean-Baptiste,FALSE,FALSE
2025,Best Actress in a Leading Role,The Substance,movie,Demi Moore,FALSE,FALSE
2025,Best Actress in a Leading Role,The Outrun,movie,Saoirse Ronan,FALSE,FALSE
2025,Best Actor in a Supporting Role,A Real Pain,movie,Kieran Culkin,TRUE,FALSE
2025,Best Actor in a Supporting Role,Anora,movie,Yura Borisov,FALSE,FALSE
2025,Best Actor in a Supporting Role,Sing Sing,movie,Clarence Maclin,FALSE,FALSE
2025,Best Actor in a Supporting Role,A Complete Unknown,movie,Edward Norton,FALSE,FALSE
2025,Best Actor in a Supporting Role,The Brutalist,movie,Guy Pearce,FALSE,FALSE
2025,Best Actor in a Supporting Role,The Apprentice,movie,Jeremy Strong,FALSE,FALSE
2025,Best Actress in a Supporting Role,Emilia Pérez,movie,Zoe Saldaña,TRUE,FALSE
2025,Best Actress in a Supporting Role,The Last Showgirl,movie,Jamie Lee Curtis,FALSE,FALSE
2025,Best Actress in a Supporting Role,Emilia Pérez,movie,Selena Gomez,FALSE,FALSE
2025,Best Actress in a Supporting Role,Wicked,movie,Ariana Grande,FALSE,FALSE
2025,Best Actress in a Supporting Role,The Brutalist,movie,Felicity Jones,FALSE,FALSE
2025,Best Actress in a Supporting Role,Conclave,movie,Isabella Rossellini,FALSE,FALSE
2025,Best Original Screenplay,A Real Pain,movie,Jesse Eisenberg,TRUE,FALSE
2025,Best Original Screenplay,Anora,movie,Sean Baker,FALSE,FALSE
2025,Best Original Screenplay,The Brutalist,movie,Brady Corbet; Mona Fastvold,FALSE,TRUE
2025,Best Original Screenplay,The Substance,movie,Coralie Fargeat,FALSE,FALSE
2025,Best Original Screenplay,Kneecap,movie,Rich Peppiatt; Naoise Ó Cairealláin; Liam Óg Ó Hannaidh; JJ Ó Dochartaigh,FALSE,TRUE
2025,Best Adapted Screenplay,Conclave,movie,Peter Straughan,TRUE,FALSE
2025,Best Adapted Screenplay,Emilia Pérez,movie,Jacques Audiard,FALSE,FALSE
2025,Best Adapted Screenplay,Sing Sing,movie,"Clint Bentley; Greg Kwedar; Clarence Maclin; John ""Divine G"" Whitfield",FALSE,TRUE
2025,Best Adapted Screenplay,A Complete Unknown,movie,James Mangold; Jay Cocks,FALSE,TRUE
2025,Best Adapted Screenplay,Nickel Boys,movie,RaMell Ross; Joslyn Barnes,FALSE,TRUE
2025,Best Animated Film,Wallace & Gromit: Vengeance Most Fowl,movie,Nick Park; Merlin Crossingham; Richard Beek,TRUE,TRUE
2025,Best Animated Film,Flow,movie,Gints Zilbalodis; Matīss Kaža,FALSE,TRUE
2025,Best Animated Film,Inside Out 2,movie,Kelsey Mann; Mark Nielsen,FALSE,TRUE
2025,Best Animated Film,The Wild Robot,movie,Chris Sanders; Jeff Hermann,FALSE,TRUE
2025,Best Documentary,Super/Man: The Christopher Reeve Story,movie,Ian Bonhôte; Peter Ettedgui; Lizzie Gillett; Robert Ford,TRUE,TRUE
2025,Best Documentary,Black Box Diaries,movie,Shiori Itō; Eric Nyari; Hanna Aqvilin,FALSE,TRUE
2025,Best Documentary,Daughters,movie,Natalie Rae; Angela Patton; Lisa Mazzotta; Justin Benoliel; James Cunningham; Sam Bisbee; Kathryn Everett; Laura Choi Raycroft,FALSE,TRUE
2025,Best Documentary,No Other Land,movie,Yuval Abraham; Basel Adra; Hamdan Ballal; Rachel Szor,FALSE,TRUE
2025,Best Documentary,Will & Harper,movie,Josh Greenbaum; Rafael Marmor; Christopher Leggett; Will Ferrell; Jessica Elbaum,FALSE,TRUE
2025,Best Film Not in the English Language,Emilia Pérez,movie,Jacques Audiard; Pascal Caucheteux,TRUE,TRUE
2025,Best Film Not in the English Language,All We Imagine as Light,movie,Payal Kapadia; Thomas Hakim,FALSE,TRUE
2025,Best Film Not in the English Language,I'm Still Here,movie,Walter Salles; Maria Carlota Bruno; Rodrigo Teixeira,FALSE,TRUE
2025,Best Film Not in the English Language,Kneecap,movie,Rich Peppiatt; Trevor Birney; Jack Tarling,FALSE,TRUE
2025,Best Film Not in the English Language,The Seed of the Sacred Fig,movie,Mohammad Rasoulof; Amin Sadraei,FALSE,TRUE
2025,Best Casting,Anora,movie,Sean Baker; Samantha Quan,TRUE,TRUE
2025,Best Casting,The Apprentice,movie,Stephanie Gorin; Carmen Cuba,FALSE,TRUE
2025,Best Casting,A Complete Unknown,movie,Yesi Ramirez,FALSE,FALSE
2025,Best Casting,Conclave,movie,Nina Gold; Martin Ware,FALSE,TRUE
2025,Best Casting,Kneecap,movie,Carla Stronge,FALSE,FALSE
2025,Best Cinematography,The Brutalist,movie,Lol Crawley,TRUE,FALSE
2025,Best Cinematography,Conclave,movie,Stéphane Fontaine,FALSE,FALSE
2025,Best Cinematography,Dune: Part Two,movie,Greig Fraser,FALSE,FALSE
2025,Best Cinematography,Emilia Pérez,movie,Paul Guilhaume,FALSE,FALSE
2025,Best Cinematography,Nosferatu,movie,Jarin Blaschke,FALSE,FALSE
2025,Best Costume Design,Wicked,movie,Paul Tazewell,TRUE,FALSE
2025,Best Costume Design,Blitz,movie,Jacqueline Durran,FALSE,FALSE
2025,Best Costume Design,A Complete Unknown,movie,Arianne Phillips,FALSE,FALSE
2025,Best Costume Design,Conclave,movie,Lisy Christl,FALSE,FALSE
2025,Best Costume Design,Nosferatu,movie,Linda Muir,FALSE,FALSE
2025,Best Editing,Conclave,movie,Nick Emerson,TRUE,FALSE
2025,Best Editing,Anora,movie,Sean Baker,FALSE,FALSE
2025,Best Editing,Dune: Part Two,movie,Joe Walker,FALSE,FALSE
2025,Best Editing,Emilia Pérez,movie,Juliette Welfling,FALSE,FALSE
2025,Best Editing,Kneecap,movie,Julian Ulrichs; Chris Gill,FALSE,TRUE
2025,Best Make Up & Hair,The Substance,movie,Pierre-Olivier Persin; Stéphanie Guillon; Frédérique Arguello; Marilyne Scarselli,TRUE,TRUE
2025,Best Make Up & Hair,Dune: Part Two,movie,Love Larson; Eva von Bahr,FALSE,TRUE
2025,Best Make Up & Hair,Emilia Pérez,movie,Julia Floch Carbonel; Emmanuel Janvier; Jean-Christophe Spadaccini; Romain Marietti,FALSE,TRUE
2025,Best Make Up & Hair,Nosferatu,movie,David White; Traci Loader; Suzanne Stokes-Munton,FALSE,TRUE
2025,Best Make Up & Hair,Wicked,movie,Frances Hannon; Laura Blount; Sarah Nuth; Johanna Nielsen,FALSE,TRUE
2025,Best Original Score,The Brutalist,movie,Daniel Blumberg,TRUE,FALSE
2025,Best Original Score,Conclave,movie,Volker Bertelmann,FALSE,FALSE
2025,Best Original Score,Emilia Pérez,movie,Camille; Clément Ducol,FALSE,TRUE
2025,Best Original Score,Nosferatu,movie,Robin Carolan,FALSE,FALSE
2025,Best Original Score,The Wild Robot,movie,Kris Bowers,FALSE,FALSE
2025,Best Production Design,Wicked,movie,Nathan Crowley; Lee Sandales,TRUE,TRUE
2025,Best Production Design,The Brutalist,movie,Judy Becker; Patricia Cuccia,FALSE,TRUE
2025,Best Production Design,Conclave,movie,Suzie Davies; Cynthia Sleiter,FALSE,TRUE
2025,Best Production Design,Dune: Part Two,movie,Patrice Vermette; Shane Vieau,FALSE,TRUE
2025,Best Production Design,Nosferatu,movie,Craig Lathrop; Beatrice Brentnerová,FALSE,TRUE
2025,Best Sound,Dune: Part Two,movie,Ron Bartlett; Doug Hemphill; Gareth John; Richard King,TRUE,TRUE
2025,Best Sound,Blitz,movie,John Casali; Paul Cotterell; James Harrison,FALSE,TRUE
2025,Best Sound,Gladiator II,movie,Stéphane Bucher; Matthew Collinge; Paul Massey; Danny Sheehan,FALSE,TRUE
2025,Best Sound,The Substance,movie,Valérie Deloof; Victor Fleurant; Victor Praud; Stéphane Thiébaut; Emmanuelle Villard,FALSE,TRUE
2025,Best Sound,Wicked,movie,Robin Baynton; Simon Hayes; John Marquis; Andy Nelson; Nancy Nugent Title,FALSE,TRUE
2025,Best Special Visual Effects,Dune: Part Two,movie,Paul Lambert; Stephen James; Gerd Nefzer; Rhys Salcombe,TRUE,TRUE
2025,Best Special Visual Effects,Better Man,movie,Luke Millar; David Clayton; Keith Herft; Peter Stubbs,FALSE,TRUE
2025,Best Special Visual Effects,Gladiator II,movie,Mark Bakowski; Neil Corbould; Nikki Penny; Pietro Ponti,FALSE,TRUE
2025,Best Special Visual Effects,Kingdom of the Planet of the Apes,movie,Erik Winquist; Rodney Burke; Paul Story; Stephen Unterfranz,FALSE,TRUE
2025,Best Special Visual Effects,Wicked,movie,Pablo Helman; Paul Corbould; Jonathan Fawkner; Anthony Smith,FALSE,TRUE
2025,Outstanding British Film,Conclave,movie,Edward Berger; Tessa Ross; Juliette Howell; Michael A. Jackman; Peter Straughan,TRUE,TRUE
2025,Outstanding British Film,Bird,movie,Andrea Arnold; Tessa Ross; Juliette Howell; Lee Groombridge,FALSE,TRUE
2025,Outstanding British Film,Blitz,movie,Steve McQueen; Tim Bevan; Eric Fellner; Anita Overland,FALSE,TRUE
2025,Outstanding British Film,Gladiator II,movie,Ridley Scott; Douglas Wick; Lucy Fisher; Michael Pruss; David Scarpa; Peter Craig,FALSE,TRUE
2025,Outstanding British Film,Hard Truths,movie,Mike Leigh; Georgina Lowe,FALSE,TRUE
2025,Outstanding British Film,Kneecap,movie,Rich Peppiatt; Trevor Birney; Jack Tarling; Naoise Ó Cairealláin; Liam Óg Ó Hannaidh; JJ Ó Dochartaigh,FALSE,TRUE
2025,Outstanding British Film,Lee,movie,Ellen Kuras; Kate Solomon; Kate Winslet; Liz Hannah; Marion Hume; John Collee; Lem Dobbs,FALSE,TRUE
2025,Outstanding British Film,Love Lies Bleeding,movie,Rose Glass; Andrea Cornwell; Oliver Kassman; Weronika Tofilska,FALSE,TRUE
2025,Outstanding British Film,The Outrun,movie,Nora Fingscheidt; Sarah Brocklehurst; Dominic Norris; Jack Lowden; Saoirse Ronan; Amy Liptrot,FALSE,TRUE
2025,Outstanding British Film,Wallace & Gromit: Vengeance Most Fowl,movie,Nick Park; Merlin Crossingham; Richard Beek; Mark Burton,FALSE,TRUE
2025,"Outstanding Debut by a British Writer, Director or Producer",Kneecap,movie,Rich Peppiatt (Director; Writer),TRUE,TRUE
2025,"Outstanding Debut by a British Writer, Director or Producer",Hoard,movie,Luna Carmoon (Director; Writer),FALSE,TRUE
2025,"Outstanding Debut by a British Writer, Director or Producer",Monkey Man,movie,Dev Patel,FALSE,FALSE
2025,"Outstanding Debut by a British Writer, Director or Producer",Santosh,movie,Sandhya Suri (Director; Writer); James Bowsher (); Balthazar de Ganay (),FALSE,TRUE
2025,"Outstanding Debut by a British Writer, Director or Producer",Sister Midnight,movie,Karan Kandhari (Director; Writer),FALSE,TRUE
2025,Best British Short Animation,Wander to Wonder,movie,Nina Gantz; Stienette Bosklopper; Simon Cartwright; Maarten Swart,TRUE,TRUE
2025,Best British Short Animation,Adiós,movie,José Prats; Natalia Kyriacou; Bernardo Angeletti,FALSE,TRUE
2025,Best British Short Animation,Mog's Christmas,movie,Robin Shaw; Joanna Harrison; Camilla Deakin; Ruth Fielding,FALSE,TRUE
2025,Best British Short Film,"Rock, Paper, Scissors",movie,Franz Böhm; Ivan; Hayder Rothschild Hoozeer,TRUE,TRUE
2025,Best British Short Film,"The Flowers Stand Silently, Witnessing",movie,Theo Panagopoulos; Marissa Keating,FALSE,TRUE
2025,Best British Short Film,Marion,movie,Joe Weiland; Finn Constantine; Marija Djikic,FALSE,TRUE
2025,Best British Short Film,Milk,movie,Miranda Stern; Ashionye Ogene,FALSE,TRUE
2025,Best British Short Film,Stomach Bug,movie,Matty Crawford; Karima Sammout-Kanellopoulou,FALSE,TRUE
2025,Best Children's & Family Film,Wallace & Gromit: Vengeance Most Fowl,movie,Nick Park; Merlin Crossingham; Richard Beek,TRUE,TRUE
2025,Best Children's & Family Film,Flow,movie,Gints Zilbalodis; Matīss Kaža,FALSE,TRUE
2025,Best Children's & Family Film,Kensuke's Kingdom,movie,Kirk Hendry; Neil Boyle; Camilla Deakin,FALSE,TRUE
2025,Best Children's & Family Film,The Wild Robot,movie,Chris Sanders; Jeff Hermann,FALSE,TRUE
2025,EE Rising Star Award,,movie,David Jonsson,TRUE,FALSE
2025,EE Rising Star Award,,movie,Marisa Abela,FALSE,FALSE
2025,EE Rising Star Award,,movie,Jharrel Jerome,FALSE,FALSE
2025,EE Rising Star Award,,movie,Mikey Madison,FALSE,FALSE
2025,EE Rising Star Award,,movie,Nabhaan Rizwan,FALSE,FALSE
2024,Best Film,Oppenheimer,movie,Christopher Nolan; Charles Roven; Emma Thomas,TRUE,TRUE
2024,Best Film,Anatomy of a Fall,movie,Marie-Ange Luciani; David Thion,FALSE,TRUE
2024,Best Film,The Holdovers,movie,Mark Johnson,FALSE,FALSE
2024,Best Film,Killers of the Flower Moon,movie,Dan Friedkin; Daniel Lupi; Martin Scorsese; Bradley Thomas,FALSE,TRUE
2024,Best Film,Poor Things,movie,Ed Guiney; Yorgos Lanthimos; Andrew Lowe; Emma Stone,FALSE,TRUE
2024,Best Director,Oppenheimer,movie,Christopher Nolan,TRUE,FALSE
2024,Best Director,Maestro,movie,Bradley Cooper,FALSE,FALSE
2024,Best Director,The Zone of Interest,movie,Jonathan Glazer,FALSE,FALSE
2024,Best Director,All of Us Strangers,movie,Andrew Haigh,FALSE,FALSE
2024,Best Director,The Holdovers,movie,Alexander Payne,FALSE,FALSE
2024,Best Director,Anatomy of a Fall,movie,Justine Triet,FALSE,FALSE
2024,Best Actor in a Leading Role,Oppenheimer,movie,Cillian Murphy,TRUE,FALSE
2024,Best Actor in a Leading Role,Maestro,movie,Bradley Cooper,FALSE,FALSE
2024,Best Actor in a Leading Role,Rustin,movie,Colman Domingo,FALSE,FALSE
2024,Best Actor in a Leading Role,The Holdovers,movie,Paul Giamatti,FALSE,FALSE
2024,Best Actor in a Leading Role,Saltburn,movie,Barry Keoghan,FALSE,FALSE
2024,Best Actor in a Leading Role,Past Lives,movie,Teo Yoo,FALSE,FALSE
2024,Best Actress in a Leading Role,Poor Things,movie,Emma Stone,TRUE,FALSE
2024,Best Actress in a Leading Role,The Color Purple,movie,Fantasia Barrino,FALSE,FALSE
2024,Best Actress in a Leading Role,Anatomy of a Fall,movie,Sandra Hüller,FALSE,FALSE
2024,Best Actress in a Leading Role,Maestro,movie,Carey Mulligan,FALSE,FALSE
2024,Best Actress in a Leading Role,Rye Lane,movie,Vivian Oparah,FALSE,FALSE
2024,Best Actress in a Leading Role,Barbie,movie,Margot Robbie,FALSE,FALSE
2024,Best Actor in a Supporting Role,Oppenheimer,movie,Robert Downey Jr.,TRUE,FALSE
2024,Best Actor in a Supporting Role,Killers of the Flower Moon,movie,Robert De Niro,FALSE,FALSE
2024,Best Actor in a Supporting Role,Saltburn,movie,Jacob Elordi,FALSE,FALSE
2024,Best Actor in a Supporting Role,Barbie,movie,Ryan Gosling,FALSE,FALSE
2024,Best Actor in a Supporting Role,All of Us Strangers,movie,Paul Mescal,FALSE,FALSE
2024,Best Actor in a Supporting Role,The Holdovers,movie,Dominic Sessa,FALSE,FALSE
2024,Best Actress in a Supporting Role,The Holdovers,movie,Da'Vine Joy Randolph,TRUE,FALSE
2024,Best Actress in a Supporting Role,Oppenheimer,movie,Emily Blunt,FALSE,FALSE
2024,Best Actress in a Supporting Role,The Color Purple,movie,Danielle Brooks,FALSE,FALSE
2024,Best Actress in a Supporting Role,All of Us Strangers,movie,Claire Foy,FALSE,FALSE
2024,Best Actress in a Supporting Role,The Zone of Interest,movie,Sandra Hüller,FALSE,FALSE
2024,Best Actress in a Supporting Role,Saltburn,movie,Rosamund Pike,FALSE,FALSE
2024,Best Original Screenplay,Anatomy of a Fall,movie,Justine Triet; Arthur Harari,TRUE,TRUE
2024,Best Original Screenplay,Barbie,movie,Greta Gerwig; Noah Baumbach,FALSE,TRUE
2024,Best Original Screenplay,The Holdovers,movie,David Hemingson,FALSE,FALSE
2024,Best Original Screenplay,Maestro,movie,Bradley Cooper; Josh Singer,FALSE,TRUE
2024,Best Original Screenplay,Past Lives,movie,Celine Song,FALSE,FALSE
2024,Best Adapted Screenplay,American Fiction,movie,Cord Jefferson,TRUE,FALSE
2024,Best Adapted Screenplay,All of Us Strangers,movie,Andrew Haigh,FALSE,FALSE
2024,Best Adapted Screenplay,Oppenheimer,movie,Christopher Nolan,FALSE,FALSE
2024,Best Adapted Screenplay,Poor Things,movie,Tony McNamara,FALSE,FALSE
2024,Best Adapted Screenplay,The Zone of Interest,movie,Jonathan Glazer,FALSE,FALSE
2024,Best Animated Film,The Boy and the Heron,movie,Hayao Miyazaki; Toshio Suzuki,TRUE,TRUE
2024,Best Animated Film,Chicken Run: Dawn of the Nugget,movie,Sam Fell; Leyla Hobart; Steve Pegram,FALSE,TRUE
2024,Best Animated Film,Elemental,movie,Peter Sohn; Denise Ream,FALSE,TRUE
2024,Best Animated Film,Spider-Man: Across the Spider-Verse,movie,Joaquim Dos Santos; Kemp Powers; Justin K. Thompson; Avi Arad; Phil Lord; Christopher Miller; Amy Pascal; Christina Steinberg,FALSE,TRUE
2024,Best Documentary,20 Days in Mariupol,movie,Mstyslav Chernov; Raney Aronson-Rath; Michelle Mizner,TRUE,TRUE
2024,Best Documentary,American Symphony,movie,Matthew Heineman; Lauren Domino; Joedan Okun,FALSE,TRUE
2024,Best Documentary,Beyond Utopia,movie,Madeleine Gavin; Rachel Cohen; Jana Edelbaum; Sue Mi Terry,FALSE,TRUE
2024,Best Documentary,Still: A Michael J. Fox Movie,movie,Davis Guggenheim; Jonathan King; Annetta Marion,FALSE,TRUE
2024,Best Documentary,Wham!,movie,Chris Smith; John Battsek; Simon Halfon,FALSE,TRUE
2024,Best Film Not in the English Language,The Zone of Interest,movie,Jonathan Glazer; James Wilson,TRUE,TRUE
2024,Best Film Not in the English Language,20 Days in Mariupol,movie,Mstyslav Chernov; Raney Aronson-Rath; Michelle Mizner,FALSE,TRUE
2024,Best Film Not in the English Language,Anatomy of a Fall,movie,Justine Triet; Marie-Ange Luciani; David Thion,FALSE,TRUE
2024,Best Film Not in the English Language,Past Lives,movie,Celine Song; David Hinojosa; Pamela Koffler; Christine Vachon,FALSE,TRUE
2024,Best Film Not in the English Language,Society of the Snow,movie,J. A. Bayona; Belén Atienza; Sandra Hermida,FALSE,TRUE
2024,Best Casting,The Holdovers,movie,Susan Shopmaker,TRUE,FALSE
2024,Best Casting,All of Us Strangers,movie,Kahleen Crawford,FALSE,FALSE
2024,Best Casting,Anatomy of a Fall,movie,Cynthia Arra,FALSE,FALSE
2024,Best Casting,How to Have Sex,movie,Isabella Odoffin,FALSE,FALSE
2024,Best Casting,Killers of the Flower Moon,movie,Ellen Lewis; Rene Haynes,FALSE,TRUE
2024,Best Cinematography,Oppenheimer,movie,Hoyte van Hoytema,TRUE,FALSE
2024,Best Cinematography,Killers of the Flower Moon,movie,Rodrigo Prieto,FALSE,FALSE
2024,Best Cinematography,Maestro,movie,Matthew Libatique,FALSE,FALSE
2024,Best Cinematography,Poor Things,movie,Robbie Ryan,FALSE,FALSE
2024,Best Cinematography,The Zone of Interest,movie,Łukasz Żal,FALSE,FALSE
2024,Best Costume Design,Poor Things,movie,Holly Waddington,TRUE,FALSE
2024,Best Costume Design,Barbie,movie,Jacqueline Durran,FALSE,FALSE
2024,Best Costume Design,Killers of the Flower Moon,movie,Jacqueline West,FALSE,FALSE
2024,Best Costume Design,Napoleon,movie,Dave Crossman; Janty Yates,FALSE,TRUE
2024,Best Costume Design,Oppenheimer,movie,Ellen Mirojnick,FALSE,FALSE
2024,Best Editing,Oppenheimer,movie,Jennifer Lame,TRUE,FALSE
2024,Best Editing,Anatomy of a Fall,movie,Laurent Sénéchal,FALSE,FALSE
2024,Best Editing,Killers of the Flower Moon,movie,Thelma Schoonmaker,FALSE,FALSE
2024,Best Editing,Poor Things,movie,Yorgos Mavropsaridis,FALSE,FALSE
2024,Best Editing,The Zone of Interest,movie,Paul Watts,FALSE,FALSE
2024,Best Make Up & Hair,Poor Things,movie,Nadia Stacey; Mark Coulier; Josh Weston,TRUE,TRUE
2024,Best Make Up & Hair,Killers of the Flower Moon,movie,Kay Georgiou; Thomas Nellen,FALSE,TRUE
2024,Best Make Up & Hair,Maestro,movie,Siân Grigg; Kay Georgiou; Kazu Hiro; Lori McCoy-Bell,FALSE,TRUE
2024,Best Make Up & Hair,Napoleon,movie,Jana Carboni; Francesco Pegoretti; Satinder Chumber; Julia Vernon,FALSE,TRUE
2024,Best Make Up & Hair,Oppenheimer,movie,Luisa Abel; Jaime Leigh McIntosh; Jason Hamer; Ahou Mofid,FALSE,TRUE
2024,Best Original Score,Oppenheimer,movie,Ludwig Göransson,TRUE,FALSE
2024,Best Original Score,Killers of the Flower Moon,movie,Robbie Robertson (posthumous),FALSE,FALSE
2024,Best Original Score,Poor Things,movie,Jerskin Fendrix,FALSE,FALSE
2024,Best Original Score,Saltburn,movie,Anthony Willis,FALSE,FALSE
2024,Best Original Score,Spider-Man: Across the Spider-Verse,movie,Daniel Pemberton,FALSE,FALSE
2024,Best Production Design,Poor Things,movie,Shona Heath; James Price; Zsuzsa Mihalek,TRUE,TRUE
2024,Best Production Design,Barbie,movie,Sarah Greenwood; Katie Spencer,FALSE,TRUE
2024,Best Production Design,Killers of the Flower Moon,movie,Jack Fisk; Adam Willis,FALSE,TRUE
2024,Best Production Design,Oppenheimer,movie,Ruth De Jong; Claire Kaufman,FALSE,TRUE
2024,Best Production Design,The Zone of Interest,movie,Chris Oddy; Joanna Maria Kuś; Katarzyna Sikora,FALSE,TRUE
2024,Best Sound,The Zone of Interest,movie,Johnnie Burn; Tarn Willers,TRUE,TRUE
2024,Best Sound,Ferrari,movie,Angelo Bonanni; Tony Lamberti; Andy Nelson; Lee Orloff; Bernard Weiser,FALSE,TRUE
2024,Best Sound,Maestro,movie,Richard King; Steve Morrow; Tom Ozanich; Jason Ruder; Dean Zupancic,FALSE,TRUE
2024,Best Sound,Mission: Impossible – Dead Reckoning Part One,movie,Chris Burdon; James H. Mather; Chris Munro; Mark Taylor,FALSE,TRUE
2024,Best Sound,Oppenheimer,movie,Willie Burton; Richard King; Kevin O'Connell; Gary A. Rizzo,FALSE,TRUE
2024,Best Special Visual Effects,Poor Things,movie,Tim Barter; Simon Hughes; Dean Koonjul; Jane Paton,TRUE,TRUE
2024,Best Special Visual Effects,The Creator,movie,Jonathan Bullock; Charmaine Chan; Ian Comley; Jay Cooper,FALSE,TRUE
2024,Best Special Visual Effects,Guardians of the Galaxy Vol. 3,movie,Theo Bialek; Stéphane Ceretti; Alexis Wajsbrot; Guy Williams,FALSE,TRUE
2024,Best Special Visual Effects,Mission: Impossible – Dead Reckoning Part One,movie,Neil Corbould; Simone Coco; Jeff Sutherland; Alex Wuttke,FALSE,TRUE
2024,Best Special Visual Effects,Napoleon,movie,Henry Badgett; Neil Corbould; Charley Henley; Luc-Ewen Martin-Fenouillet,FALSE,TRUE
2024,Outstanding British Film,The Zone of Interest,movie,Jonathan Glazer; James Wilson,TRUE,TRUE
2024,Outstanding British Film,All of Us Strangers,movie,Andrew Haigh; Graham Broadbent; Pete Czernin; Sarah Harvey,FALSE,TRUE
2024,Outstanding British Film,How to Have Sex,movie,Molly Manning Walker; Emily Leo; Ivana MacKinnon; Konstantinos Kontovrakis,FALSE,TRUE
2024,Outstanding British Film,Napoleon,movie,Ridley Scott; Mark Huffam; Kevin J. Walsh; David Scarpa,FALSE,TRUE
2024,Outstanding British Film,The Old Oak,movie,Ken Loach; Rebecca O'Brien; Paul Laverty,FALSE,TRUE
2024,Outstanding British Film,Poor Things,movie,Yorgos Lanthimos; Ed Guiney; Andrew Lowe; Emma Stone; Tony McNamara,FALSE,TRUE
2024,Outstanding British Film,Rye Lane,movie,Raine Allen-Miller; Yvonne Isimeme Ibazebo; Damian Jones; Nathan Bryon; Tom Melia,FALSE,TRUE
2024,Outstanding British Film,Saltburn,movie,Emerald Fennell; Josey McNamara; Margot Robbie,FALSE,TRUE
2024,Outstanding British Film,Scrapper,movie,Charlotte Regan; Theo Barrowclough,FALSE,TRUE
2024,Outstanding British Film,Wonka,movie,Paul King; Alexandra Derbyshire; David Heyman; Simon Farnaby,FALSE,TRUE
2024,"Outstanding Debut by a British Writer, Director or Producer",Earth Mama,movie,Savanah Leaf (Writer; Director); Shirley O'Connor (); Medb Riordan (),TRUE,TRUE
2024,"Outstanding Debut by a British Writer, Director or Producer",Blue Bag Life,movie,Lisa Selby; Rebecca Lloyd-Evans; Alex Fry,FALSE,TRUE
2024,"Outstanding Debut by a British Writer, Director or Producer",Bobi Wine: The People's President,movie,Christopher Sharp (Director) [also directed by Moses Bwayo],FALSE,FALSE
2024,"Outstanding Debut by a British Writer, Director or Producer",How to Have Sex,movie,Molly Manning Walker (Writer; Director),FALSE,TRUE
2024,"Outstanding Debut by a British Writer, Director or Producer",Is There Anybody Out There?,movie,Ella Glendining,FALSE,FALSE
2024,Best British Short Animation,Crab Day,movie,Ross Stringer; Bartosz Stanislawek; Aleksandra Sykulak,TRUE,TRUE
2024,Best British Short Animation,Visible Mending,movie,Samantha Moore; Tilley Bancroft,FALSE,TRUE
2024,Best British Short Animation,Wild Summon,movie,Karni Arieli; Saul Freed; Jay Woolley,FALSE,TRUE
2024,Best British Short Film,Jellyfish and Lobster,movie,Yasmin Afifi; Elizabeth Rufai,TRUE,TRUE
2024,Best British Short Film,Festival of Slaps,movie,Abdou Cissé; Cheri Darbon; George Telfer,FALSE,TRUE
2024,Best British Short Film,Gorka,movie,Joe Weiland; Alex Jefferson,FALSE,TRUE
2024,Best British Short Film,Such a Lovely Day,movie,Simon Woods; Polly Stokes; Emma Norton; Kate Phibbs,FALSE,TRUE
2024,Best British Short Film,Yellow,movie,Elham Ehsas; Dina Mousawi; Azeem Bhati; Yiannis Manolopoulos,FALSE,TRUE
2024,EE Rising Star Award,,movie,Mia McKenna-Bruce,TRUE,FALSE
2024,EE Rising Star Award,,movie,Phoebe Dynevor,FALSE,FALSE
2024,EE Rising Star Award,,movie,Ayo Edebiri,FALSE,FALSE
2024,EE Rising Star Award,,movie,Jacob Elordi,FALSE,FALSE
2024,EE Rising Star Award,,movie,Sophie Wilde,FALSE,FALSE
2023,Best Film,All Quiet on the Western Front,movie,Malte Grunert,TRUE,FALSE
2023,Best Film,The Banshees of Inisherin,movie,Graham Broadbent; Pete Czernin; Martin McDonagh,FALSE,TRUE
2023,Best Film,Elvis,movie,Gail Berman; Baz Luhrmann; Catherine Martin; Patrick McCormick; Schuyler Weiss,FALSE,TRUE
2023,Best Film,Everything Everywhere All at Once,movie,Daniel Kwan; Daniel Scheinert; Jonathan Wang,FALSE,TRUE
2023,Best Film,Tár,movie,Todd Field; Scott Lambert; Alexandra Milchan,FALSE,TRUE
2023,Best Director,All Quiet on the Western Front,movie,Edward Berger,TRUE,FALSE
2023,Best Director,Decision to Leave,movie,Park Chan-wook,FALSE,FALSE
2023,Best Director,Tár,movie,Todd Field,FALSE,FALSE
2023,Best Director,Everything Everywhere All at Once,movie,Daniel Kwan; Daniel Scheinert,FALSE,TRUE
2023,Best Director,The Banshees of Inisherin,movie,Martin McDonagh,FALSE,FALSE
2023,Best Director,The Woman King,movie,Gina Prince-Bythewood,FALSE,FALSE
2023,Best Actor in a Leading Role,Elvis,movie,Austin Butler,TRUE,FALSE
2023,Best Actor in a Leading Role,The Banshees of Inisherin,movie,Colin Farrell,FALSE,FALSE
2023,Best Actor in a Leading Role,The Whale,movie,Brendan Fraser,FALSE,FALSE
2023,Best Actor in a Leading Role,"Good Luck to You, Leo Grande",movie,Daryl McCormack,FALSE,FALSE
2023,Best Actor in a Leading Role,Aftersun,movie,Paul Mescal,FALSE,FALSE
2023,Best Actor in a Leading Role,Living,movie,Bill Nighy,FALSE,FALSE
2023,Best Actress in a Leading Role,Tár,movie,Cate Blanchett,TRUE,FALSE
2023,Best Actress in a Leading Role,The Woman King,movie,Viola Davis,FALSE,FALSE
2023,Best Actress in a Leading Role,Blonde,movie,Ana de Armas,FALSE,FALSE
2023,Best Actress in a Leading Role,Till,movie,Danielle Deadwyler,FALSE,FALSE
2023,Best Actress in a Leading Role,"Good Luck to You, Leo Grande",movie,Emma Thompson,FALSE,FALSE
2023,Best Actress in a Leading Role,Everything Everywhere All at Once,movie,Michelle Yeoh,FALSE,FALSE
2023,Best Actor in a Supporting Role,The Banshees of Inisherin,movie,Barry Keoghan,TRUE,FALSE
2023,Best Actor in a Supporting Role,The Banshees of Inisherin,movie,Brendan Gleeson,FALSE,FALSE
2023,Best Actor in a Supporting Role,Everything Everywhere All at Once,movie,Ke Huy Quan,FALSE,FALSE
2023,Best Actor in a Supporting Role,The Good Nurse,movie,Eddie Redmayne,FALSE,FALSE
2023,Best Actor in a Supporting Role,All Quiet on the Western Front,movie,Albrecht Schuch,FALSE,FALSE
2023,Best Actor in a Supporting Role,Empire of Light,movie,Micheal Ward,FALSE,FALSE
2023,Best Actress in a Supporting Role,The Banshees of Inisherin,movie,Kerry Condon,TRUE,FALSE
2023,Best Actress in a Supporting Role,Black Panther: Wakanda Forever,movie,Angela Bassett,FALSE,FALSE
2023,Best Actress in a Supporting Role,The Whale,movie,Hong Chau,FALSE,FALSE
2023,Best Actress in a Supporting Role,Everything Everywhere All at Once,movie,Jamie Lee Curtis,FALSE,FALSE
2023,Best Actress in a Supporting Role,Triangle of Sadness,movie,Dolly de Leon,FALSE,FALSE
2023,Best Actress in a Supporting Role,She Said,movie,Carey Mulligan,FALSE,FALSE
2023,Best Original Screenplay,The Banshees of Inisherin,movie,Martin McDonagh,TRUE,FALSE
2023,Best Original Screenplay,Everything Everywhere All at Once,movie,Daniel Kwan; Daniel Scheinert,FALSE,TRUE
2023,Best Original Screenplay,The Fabelmans,movie,Tony Kushner; Steven Spielberg,FALSE,TRUE
2023,Best Original Screenplay,Tár,movie,Todd Field,FALSE,FALSE
2023,Best Original Screenplay,Triangle of Sadness,movie,Ruben Östlund,FALSE,FALSE
2023,Best Adapted Screenplay,All Quiet on the Western Front,movie,Edward Berger; Lesley Paterson; Ian Stokell,TRUE,TRUE
2023,Best Adapted Screenplay,Living,movie,Kazuo Ishiguro,FALSE,FALSE
2023,Best Adapted Screenplay,The Quiet Girl,movie,Colm Bairéad,FALSE,FALSE
2023,Best Adapted Screenplay,She Said,movie,Rebecca Lenkiewicz,FALSE,FALSE
2023,Best Adapted Screenplay,The Whale,movie,Samuel D. Hunter,FALSE,FALSE
2023,Best Animated Film,Guillermo del Toro's Pinocchio,movie,Guillermo del Toro; Mark Gustafson; Gary Ungar; Alex Bulkley,TRUE,TRUE
2023,Best Animated Film,Marcel the Shell with Shoes On,movie,Dean Fleischer Camp; Andrew Goldman; Elisabeth Holm; Caroline Kaplan; Paul Mezey,FALSE,TRUE
2023,Best Animated Film,Puss in Boots: The Last Wish,movie,Joel Crawford; Mark Swift,FALSE,TRUE
2023,Best Animated Film,Turning Red,movie,Domee Shi; Lindsey Collins,FALSE,TRUE
2023,Best Documentary,Navalny,movie,Daniel Roher; Diane Becker; Shane Boris; Melanie Miller; Odessa Rae,TRUE,TRUE
2023,Best Documentary,All That Breathes,movie,Shaunak Sen; Teddy Leifer; Aman Mann,FALSE,TRUE
2023,Best Documentary,All the Beauty and the Bloodshed,movie,Laura Poitras; Howard Gertler; Nan Goldin; Yoni Golijov; John Lyons,FALSE,TRUE
2023,Best Documentary,Fire of Love,movie,Sara Dosa; Shane Boris; Ina Fichman,FALSE,TRUE
2023,Best Documentary,Moonage Daydream,movie,Brett Morgen,FALSE,FALSE
2023,Best Film Not in the English Language,All Quiet on the Western Front,movie,Edward Berger; Malte Grunert,TRUE,TRUE
2023,Best Film Not in the English Language,"Argentina, 1985",movie,Santiago Mitre; Victoria Alonso; Agustina Llambi Campbell; Axel Kuschevatzky; Federico Posternak,FALSE,TRUE
2023,Best Film Not in the English Language,Corsage,movie,Marie Kreutzer,FALSE,FALSE
2023,Best Film Not in the English Language,Decision to Leave,movie,Park Chan-wook; Ko Dae-seok,FALSE,TRUE
2023,Best Film Not in the English Language,The Quiet Girl,movie,Colm Bairéad; Cleona Ní Chrualaoí,FALSE,TRUE
2023,Best Casting,Elvis,movie,Nikki Barrett; Denise Chamian,TRUE,TRUE
2023,Best Casting,Aftersun,movie,Lucy Pardee,FALSE,FALSE
2023,Best Casting,All Quiet on the Western Front,movie,Simone Bär,FALSE,FALSE
2023,Best Casting,Everything Everywhere All at Once,movie,Sarah Halley Finn,FALSE,FALSE
2023,Best Casting,Triangle of Sadness,movie,Pauline Hansson,FALSE,FALSE
2023,Best Cinematography,All Quiet on the Western Front,movie,James Friend,TRUE,FALSE
2023,Best Cinematography,The Batman,movie,Greig Fraser,FALSE,FALSE
2023,Best Cinematography,Elvis,movie,Mandy Walker,FALSE,FALSE
2023,Best Cinematography,Empire of Light,movie,Roger Deakins,FALSE,FALSE
2023,Best Cinematography,Top Gun: Maverick,movie,Claudio Miranda,FALSE,FALSE
2023,Best Costume Design,Elvis,movie,Catherine Martin,TRUE,FALSE
2023,Best Costume Design,All Quiet on the Western Front,movie,Lisy Christl,FALSE,FALSE
2023,Best Costume Design,Amsterdam,movie,J.R. Hawbaker; Albert Wolsky,FALSE,TRUE
2023,Best Costume Design,Babylon,movie,Mary Zophres,FALSE,FALSE
2023,Best Costume Design,Mrs. Harris Goes to Paris,movie,Jenny Beavan,FALSE,FALSE
2023,Best Editing,Everything Everywhere All at Once,movie,Paul Rogers,TRUE,FALSE
2023,Best Editing,All Quiet on the Western Front,movie,Sven Budelmann,FALSE,FALSE
2023,Best Editing,The Banshees of Inisherin,movie,Mikkel E. G. Nielsen,FALSE,FALSE
2023,Best Editing,Elvis,movie,Jonathan Redmond; Matt Villa,FALSE,TRUE
2023,Best Editing,Top Gun: Maverick,movie,Eddie Hamilton,FALSE,FALSE
2023,Best Make Up & Hair,Elvis,movie,Jason Baird; Mark Coulier; Louise Coulston; Shane Thomas,TRUE,TRUE
2023,Best Make Up & Hair,All Quiet on the Western Front,movie,Heike Merker,FALSE,FALSE
2023,Best Make Up & Hair,The Batman,movie,Naomi Donne; Mike Marino; Zoe Tahir,FALSE,TRUE
2023,Best Make Up & Hair,Roald Dahl's Matilda the Musical,movie,Naomi Donne; Barrie Gower; Sharon Martin,FALSE,TRUE
2023,Best Make Up & Hair,The Whale,movie,Anne Marie Bradley; Judy Chin; Adrien Morot,FALSE,TRUE
2023,Best Original Score,All Quiet on the Western Front,movie,Volker Bertelmann,TRUE,FALSE
2023,Best Original Score,Babylon,movie,Justin Hurwitz,FALSE,FALSE
2023,Best Original Score,The Banshees of Inisherin,movie,Carter Burwell,FALSE,FALSE
2023,Best Original Score,Everything Everywhere All at Once,movie,Son Lux,FALSE,FALSE
2023,Best Original Score,Guillermo del Toro's Pinocchio,movie,Alexandre Desplat,FALSE,FALSE
2023,Best Production Design,Babylon,movie,Florencia Martin; Anthony Carlino,TRUE,TRUE
2023,Best Production Design,All Quiet on the Western Front,movie,Christian M. Goldbeck; Ernestine Hipper,FALSE,TRUE
2023,Best Production Design,The Batman,movie,James Chinlund; Lee Sandales,FALSE,TRUE
2023,Best Production Design,Elvis,movie,Catherine Martin; Karen Murphy; Bev Dunn,FALSE,TRUE
2023,Best Production Design,Guillermo del Toro's Pinocchio,movie,Curt Enderle; Guy Davis,FALSE,TRUE
2023,Best Sound,All Quiet on the Western Front,movie,Lars Ginzel; Frank Kruse; Viktor Prášil; Markus Stemler,TRUE,TRUE
2023,Best Sound,Avatar: The Way of Water,movie,Christopher Boyes; Michael Hedges; Julian Howarth; Gary Summers; Gwendolyn Yates Whittle,FALSE,TRUE
2023,Best Sound,Elvis,movie,Michael Keller; David Lee; Andy Nelson; Wayne Pashley,FALSE,TRUE
2023,Best Sound,Tár,movie,Deb Adair; Stephen Griffiths; Andy Shelley; Steve Single; Roland Winke,FALSE,TRUE
2023,Best Sound,Top Gun: Maverick,movie,Chris Burdon; James H. Mather; Al Nelson; Mark Taylor; Mark Weingarten,FALSE,TRUE
2023,Best Special Visual Effects,Avatar: The Way of Water,movie,Richard Baneham; Daniel Barrett; Joe Letteri; Eric Saindon,TRUE,TRUE
2023,Best Special Visual Effects,All Quiet on the Western Front,movie,Markus Frank; Kamil Jafar; Viktor Müller; Frank Petzold,FALSE,TRUE
2023,Best Special Visual Effects,The Batman,movie,Russell Earl; Dan Lemmon; Anders Langlands; Dominic Tuohy,FALSE,TRUE
2023,Best Special Visual Effects,Everything Everywhere All at Once,movie,Benjamin Brewer; Ethan Feldbau; Jonathan Kombrinck; Zak Stoltz,FALSE,TRUE
2023,Best Special Visual Effects,Top Gun: Maverick,movie,Seth Hill; Scott R. Fisher; Bryan Litson; Ryan Tudhope,FALSE,TRUE
2023,Outstanding British Film,The Banshees of Inisherin,movie,Martin McDonagh; Graham Broadbent; Pete Czernin,TRUE,TRUE
2023,Outstanding British Film,Aftersun,movie,Charlotte Wells; Mark Ceryak; Amy Jackson; Barry Jenkins; Adele Romanski,FALSE,TRUE
2023,Outstanding British Film,Brian and Charles,movie,Jim Archer; Rupert Majendie; David Earl; Chris Hayward,FALSE,TRUE
2023,Outstanding British Film,Empire of Light,movie,Sam Mendes; Pippa Harris,FALSE,TRUE
2023,Outstanding British Film,"Good Luck to You, Leo Grande",movie,Sophie Hyde; Debbie Gray; Adrian Politowski; Katy Brand,FALSE,TRUE
2023,Outstanding British Film,Living,movie,Oliver Hermanus; Elizabeth Karlsen; Stephen Woolley; Kazuo Ishiguro,FALSE,TRUE
2023,Outstanding British Film,Roald Dahl's Matilda the Musical,movie,Matthew Warchus; Tim Bevan; Eric Fellner; Jon Finn; Luke Kelly; Dennis Kelly,FALSE,TRUE
2023,Outstanding British Film,See How They Run,movie,Tom George; Gina Carter; Damian Jones; Mark Chappell,FALSE,TRUE
2023,Outstanding British Film,The Swimmers,movie,Sally El Hosaini; Tim Bevan; Tim Cole; Eric Fellner; Ali Jaafar; Jack Thorne,FALSE,TRUE
2023,Outstanding British Film,The Wonder,movie,Sebastián Lelio; Ed Guiney; Juliette Howell; Andrew Lowe; Tessa Ross; Alice Birch; Emma Donoghue,FALSE,TRUE
2023,"Outstanding Debut by a British Writer, Director or Producer",Aftersun,movie,Charlotte Wells (Writer/Director),TRUE,FALSE
2023,"Outstanding Debut by a British Writer, Director or Producer",Blue Jean,movie,Georgia Oakley (Writer/Director); Hélène Sifre (),FALSE,TRUE
2023,"Outstanding Debut by a British Writer, Director or Producer",Electric Malady,movie,Marie Lidén,FALSE,FALSE
2023,"Outstanding Debut by a British Writer, Director or Producer","Good Luck to You, Leo Grande",movie,Katy Brand (Writer),FALSE,FALSE
2023,"Outstanding Debut by a British Writer, Director or Producer",Rebellion,movie,Elena Sánchez Bellot; Maia Kenworthy,FALSE,TRUE
2023,Best British Short Animation,"The Boy, the Mole, the Fox and the Horse",movie,Peter Baynton; Charlie Mackesy; Cara Speller; Hannah Minghella,TRUE,TRUE
2023,Best British Short Animation,Middle Watch,movie,John Stevenson; Aiesha Penwarden; Giles Healy,FALSE,TRUE
2023,Best British Short Animation,Your Mountain Is Waiting,movie,Hannah Jacobs; Zoe Muslim; Harriet Gillian,FALSE,TRUE
2023,Best British Short Film,An Irish Goodbye,movie,Tom Berkeley; Ross White,TRUE,TRUE
2023,Best British Short Film,The Ballad of Olive Morris,movie,Alex Kayode-Kay,FALSE,FALSE
2023,Best British Short Film,Bazigaga,movie,Jo Ingabire Moys; Stephanie Charmail,FALSE,TRUE
2023,Best British Short Film,Bus Girl,movie,Jessica Henwick; Louise Palmkvist Hansen,FALSE,TRUE
2023,Best British Short Film,A Drifting Up,movie,Jacob Lee,FALSE,FALSE
2023,BAFTA Rising Star Award,,movie,Emma Mackey,TRUE,FALSE
2023,BAFTA Rising Star Award,,movie,Naomi Ackie,FALSE,FALSE
2023,BAFTA Rising Star Award,,movie,Sheila Atim,FALSE,FALSE
2023,BAFTA Rising Star Award,,movie,Daryl McCormack,FALSE,FALSE
2023,BAFTA Rising Star Award,,movie,Aimee Lou Wood,FALSE,FALSE
2022,Best Film,The Power of the Dog,movie,Jane Campion; Iain Canning; Roger Frappier; Tanya Seghatchian; Emile Sherman,TRUE,TRUE
2022,Best Film,Belfast,movie,Laura Berwick; Kenneth Branagh; Becca Kovacik; Tamar Thomas,FALSE,TRUE
2022,Best Film,Don't Look Up,movie,Adam McKay; Kevin Messick,FALSE,TRUE
2022,Best Film,Dune,movie,Cale Boyter; Mary Parent; Denis Villeneuve,FALSE,TRUE
2022,Best Film,Licorice Pizza,movie,Paul Thomas Anderson; Sara Murphy; Adam Somner,FALSE,TRUE
2022,Best Director,The Power of the Dog,movie,Jane Campion,TRUE,FALSE
2022,Best Director,Licorice Pizza,movie,Paul Thomas Anderson,FALSE,FALSE
2022,Best Director,Happening,movie,Audrey Diwan,FALSE,FALSE
2022,Best Director,Titane,movie,Julia Ducournau,FALSE,FALSE
2022,Best Director,Drive My Car,movie,Ryûsuke Hamaguchi,FALSE,FALSE
2022,Best Director,After Love,movie,Aleem Khan,FALSE,FALSE
2022,Best Actor in a Leading Role,King Richard,movie,Will Smith,TRUE,FALSE
2022,Best Actor in a Leading Role,Ali & Ava,movie,Adeel Akhtar,FALSE,FALSE
2022,Best Actor in a Leading Role,Swan Song,movie,Mahershala Ali,FALSE,FALSE
2022,Best Actor in a Leading Role,The Power of the Dog,movie,Benedict Cumberbatch,FALSE,FALSE
2022,Best Actor in a Leading Role,Don't Look Up,movie,Leonardo DiCaprio,FALSE,FALSE
2022,Best Actor in a Leading Role,Boiling Point,movie,Stephen Graham,FALSE,FALSE
2022,Best Actress in a Leading Role,After Love,movie,Joanna Scanlan,TRUE,FALSE
2022,Best Actress in a Leading Role,House of Gucci,movie,Lady Gaga,FALSE,FALSE
2022,Best Actress in a Leading Role,Licorice Pizza,movie,Alana Haim,FALSE,FALSE
2022,Best Actress in a Leading Role,CODA,movie,Emilia Jones,FALSE,FALSE
2022,Best Actress in a Leading Role,The Worst Person in the World,movie,Renate Reinsve,FALSE,FALSE
2022,Best Actress in a Leading Role,Passing,movie,Tessa Thompson,FALSE,FALSE
2022,Best Actor in a Supporting Role,CODA,movie,Troy Kotsur,TRUE,FALSE
2022,Best Actor in a Supporting Role,West Side Story,movie,Mike Faist,FALSE,FALSE
2022,Best Actor in a Supporting Role,Belfast,movie,Ciarán Hinds,FALSE,FALSE
2022,Best Actor in a Supporting Role,C'mon C'mon,movie,Woody Norman,FALSE,FALSE
2022,Best Actor in a Supporting Role,The Power of the Dog,movie,Jesse Plemons,FALSE,FALSE
2022,Best Actor in a Supporting Role,The Power of the Dog,movie,Kodi Smit-McPhee,FALSE,FALSE
2022,Best Actress in a Supporting Role,West Side Story,movie,Ariana DeBose,TRUE,FALSE
2022,Best Actress in a Supporting Role,Belfast,movie,Caitríona Balfe,FALSE,FALSE
2022,Best Actress in a Supporting Role,The Lost Daughter,movie,Jessie Buckley,FALSE,FALSE
2022,Best Actress in a Supporting Role,Mass,movie,Ann Dowd,FALSE,FALSE
2022,Best Actress in a Supporting Role,King Richard,movie,Aunjanue Ellis-Taylor,FALSE,FALSE
2022,Best Actress in a Supporting Role,Passing,movie,Ruth Negga,FALSE,FALSE
2022,Best Original Screenplay,Licorice Pizza,movie,Paul Thomas Anderson,TRUE,FALSE
2022,Best Original Screenplay,Being the Ricardos,movie,Aaron Sorkin,FALSE,FALSE
2022,Best Original Screenplay,Belfast,movie,Kenneth Branagh,FALSE,FALSE
2022,Best Original Screenplay,Don't Look Up,movie,Adam McKay,FALSE,FALSE
2022,Best Original Screenplay,King Richard,movie,Zach Baylin,FALSE,FALSE
2022,Best Adapted Screenplay,CODA,movie,Sian Heder,TRUE,FALSE
2022,Best Adapted Screenplay,Drive My Car,movie,Ryûsuke Hamaguchi; Takamasa Oe,FALSE,TRUE
2022,Best Adapted Screenplay,Dune,movie,Eric Roth; Jon Spaihts; Denis Villeneuve,FALSE,TRUE
2022,Best Adapted Screenplay,The Lost Daughter,movie,Maggie Gyllenhaal,FALSE,FALSE
2022,Best Adapted Screenplay,The Power of the Dog,movie,Jane Campion,FALSE,FALSE
2022,Best Animated Film,Encanto,movie,Jared Bush; Byron Howard; Yvett Merino; Clark Spencer,TRUE,TRUE
2022,Best Animated Film,Luca,movie,Enrico Casarosa; Andrea Warren,FALSE,TRUE
2022,Best Animated Film,Flee,movie,Jonas Poher Rasmussen; Monica Hellström,FALSE,TRUE
2022,Best Animated Film,The Mitchells vs. the Machines,movie,Mike Rianda; Phil Lord; Christopher Miller,FALSE,TRUE
2022,Best Documentary,"Summer of Soul (...Or, When the Revolution Could Not Be Televised)",movie,"Ahmir ""Questlove"" Thompson; David Dinerstein; Robert Fyvolent; Joseph Patel",TRUE,TRUE
2022,Best Documentary,Becoming Cousteau,movie,Liz Garbus; Dan Cogan,FALSE,TRUE
2022,Best Documentary,Cow,movie,Andrea Arnold; Kat Mansoor,FALSE,TRUE
2022,Best Documentary,Flee,movie,Jonas Poher Rasmussen; Monica Hellström,FALSE,TRUE
2022,Best Documentary,The Rescue,movie,Elizabeth Chai Vasarhelyi; Jimmy Chin; John Battsek; P.J. van Sandwijk,FALSE,TRUE
2022,Best Film Not in the English Language,Drive My Car,movie,Ryûsuke Hamaguchi; Teruhisa Yamamoto,TRUE,TRUE
2022,Best Film Not in the English Language,The Hand of God,movie,Paolo Sorrentino; Lorenzo Mieli,FALSE,TRUE
2022,Best Film Not in the English Language,Parallel Mothers,movie,Pedro Almodóvar; Agustín Almodóvar,FALSE,TRUE
2022,Best Film Not in the English Language,Petite Maman,movie,Céline Sciamma; Bénédicte Couvreur,FALSE,TRUE
2022,Best Film Not in the English Language,The Worst Person in the World,movie,Joachim Trier; Thomas Robsahm,FALSE,TRUE
2022,Best Casting,West Side Story,movie,Cindy Tolan,TRUE,FALSE
2022,Best Casting,Boiling Point,movie,Carolyn McLeod,FALSE,FALSE
2022,Best Casting,Dune,movie,Francine Maisler,FALSE,FALSE
2022,Best Casting,The Hand of God,movie,Massimo Appolloni; Annamaria Sambucco,FALSE,TRUE
2022,Best Casting,King Richard,movie,Rich Delia; Avy Kaufman,FALSE,TRUE
2022,Best Cinematography,Dune,movie,Greig Fraser,TRUE,FALSE
2022,Best Cinematography,Nightmare Alley,movie,Dan Laustsen,FALSE,FALSE
2022,Best Cinematography,No Time to Die,movie,Linus Sandgren,FALSE,FALSE
2022,Best Cinematography,The Power of the Dog,movie,Ari Wegner,FALSE,FALSE
2022,Best Cinematography,The Tragedy of Macbeth,movie,Bruno Delbonnel,FALSE,FALSE
2022,Best Costume Design,Cruella,movie,Jenny Beavan,TRUE,FALSE
2022,Best Costume Design,Cyrano,movie,Massimo Cantini Parrini,FALSE,FALSE
2022,Best Costume Design,Dune,movie,Robert Morgan; Jacqueline West,FALSE,TRUE
2022,Best Costume Design,The French Dispatch,movie,Milena Canonero,FALSE,FALSE
2022,Best Costume Design,Nightmare Alley,movie,Luis Sequeira,FALSE,FALSE
2022,Best Editing,No Time to Die,movie,Tom Cross; Elliot Graham,TRUE,TRUE
2022,Best Editing,Belfast,movie,Úna Ní Dhonghaíle,FALSE,FALSE
2022,Best Editing,Dune,movie,Joe Walker,FALSE,FALSE
2022,Best Editing,Licorice Pizza,movie,Andy Jurgensen,FALSE,FALSE
2022,Best Editing,"Summer of Soul (...Or, When the Revolution Could Not Be Televised)",movie,Joshua L. Pearson,FALSE,FALSE
2022,Best Make Up & Hair,The Eyes of Tammy Faye,movie,Linda Dowds; Stephanie Ingram; Justin Raleigh,TRUE,TRUE
2022,Best Make Up & Hair,Cruella,movie,Naomi Donne; Nadia Stacey,FALSE,TRUE
2022,Best Make Up & Hair,Cyrano,movie,Alessandro Bertolazzi; Siân Miller,FALSE,TRUE
2022,Best Make Up & Hair,Dune,movie,Love Larson; Donald Mowat,FALSE,TRUE
2022,Best Make Up & Hair,House of Gucci,movie,Frederic Aspiras; Jana Carboni; Giuliano Mariano; Sarah Nicole Tanno,FALSE,TRUE
2022,Best Original Score,Dune,movie,Hans Zimmer,TRUE,FALSE
2022,Best Original Score,Being the Ricardos,movie,Daniel Pemberton,FALSE,FALSE
2022,Best Original Score,Don't Look Up,movie,Nicholas Britell,FALSE,FALSE
2022,Best Original Score,The French Dispatch,movie,Alexandre Desplat,FALSE,FALSE
2022,Best Original Score,The Power of the Dog,movie,Jonny Greenwood,FALSE,FALSE
2022,Best Production Design,Dune,movie,Patrice Vermette; Zsuzsanna Sipos,TRUE,TRUE
2022,Best Production Design,Cyrano,movie,Sarah Greenwood; Katie Spencer,FALSE,TRUE
2022,Best Production Design,The French Dispatch,movie,Adam Stockhausen; Rena DeAngelo,FALSE,TRUE
2022,Best Production Design,Nightmare Alley,movie,Tamara Deverell; Shane Vieau,FALSE,TRUE
2022,Best Production Design,West Side Story,movie,Adam Stockhausen; Rena DeAngelo,FALSE,TRUE
2022,Best Sound,Dune,movie,Ron Bartlett; Theo Green; Doug Hemphill; Mark Mangini; Mac Ruth,TRUE,TRUE
2022,Best Sound,Last Night in Soho,movie,Tim Cavagin; Dan Morgan; Colin Nicolson; Julian Slater,FALSE,TRUE
2022,Best Sound,No Time to Die,movie,James Harrison; Simon Hayes; Paul Massey; Oliver Tarney; Mark Taylor,FALSE,TRUE
2022,Best Sound,A Quiet Place Part II,movie,Erik Aadahl; Michael Barosky; Brandon Proctor; Ethan Van der Ryn,FALSE,TRUE
2022,Best Sound,West Side Story,movie,Brian Chumney; Tod A. Maitland; Andy Nelson; Gary Rydstrom,FALSE,TRUE
2022,Best Special Visual Effects,Dune,movie,Brian Connor; Paul Lambert; Tristan Myles; Gerd Nefzer,TRUE,TRUE
2022,Best Special Visual Effects,Free Guy,movie,Swen Gillberg; Bryan Grill; Nikos Kalaitzidis; Dan Sudick,FALSE,TRUE
2022,Best Special Visual Effects,Ghostbusters: Afterlife,movie,Aharon Bourland; Sheena Duggal; Pier Lefebvre; Alessandro Ongaro,FALSE,TRUE
2022,Best Special Visual Effects,The Matrix Resurrections,movie,Tom Debenham; Huw J. Evans; Dan Glass; J. D. Schwalm,FALSE,TRUE
2022,Best Special Visual Effects,No Time to Die,movie,Mark Bakowski; Chris Corbould; Joel Green; Charlie Noble,FALSE,TRUE
2022,Outstanding British Film,Belfast,movie,Kenneth Branagh; Laura Berwick; Becca Kovacik; Tamar Thomas,TRUE,TRUE
2022,Outstanding British Film,After Love,movie,Aleem Khan; Matthieu de Braconier,FALSE,TRUE
2022,Outstanding British Film,Ali & Ava,movie,Clio Barnard; Tracy O'Riordan,FALSE,TRUE
2022,Outstanding British Film,Boiling Point,movie,Philip Barantini; Bart Ruspoli; Hester Ruoff; James Cummings,FALSE,TRUE
2022,Outstanding British Film,Cyrano,movie,Joe Wright; Tim Bevan; Eric Fellner; Guy Heeley; Erica Schmidt,FALSE,TRUE
2022,Outstanding British Film,Everybody's Talking About Jamie,movie,Jonathan Butterell; Peter Carlton; Mark Herbert; Tom MacRae,FALSE,TRUE
2022,Outstanding British Film,House of Gucci,movie,Ridley Scott; Mark Huffam; Giannina Scott; Kevin J. Walsh; Roberto Bentivegna; Becky Johnston,FALSE,TRUE
2022,Outstanding British Film,Last Night in Soho,movie,Edgar Wright; Tim Bevan; Eric Fellner; Nira Park; Krysty Wilson-Cairns,FALSE,TRUE
2022,Outstanding British Film,No Time to Die,movie,Cary Joji Fukunaga; Barbara Broccoli; Michael G. Wilson; Neal Purvis; Robert Wade; Phoebe Waller-Bridge,FALSE,TRUE
2022,Outstanding British Film,Passing,movie,Rebecca Hall; Margot Hand; Nina Yang Bongiovi; Forest Whitaker,FALSE,TRUE
2022,"Outstanding Debut by a British Writer, Director or Producer",The Harder They Fall,movie,Jeymes Samuel (Writer/Director) [also Boaz Yakin],TRUE,FALSE
2022,"Outstanding Debut by a British Writer, Director or Producer",After Love,movie,Aleem Khan (Writer/Director),FALSE,FALSE
2022,"Outstanding Debut by a British Writer, Director or Producer",Boiling Point,movie,James Cummings (Writer); Hester Ruoff () [also Philip Barantini; produced by Bart Ruspoli],FALSE,TRUE
2022,"Outstanding Debut by a British Writer, Director or Producer",Keyboard Fantasies,movie,Posy Dixon (Writer/Director); Liv Proctor (),FALSE,TRUE
2022,"Outstanding Debut by a British Writer, Director or Producer",Passing,movie,Rebecca Hall (Writer/Director),FALSE,FALSE
2022,Best British Short Animation,Do Not Feed the Pigeons,movie,Vladimir Krasilnikov; Jordi Morera; Antonin Niclass,TRUE,TRUE
2022,Best British Short Animation,Affairs of the Art,movie,Les Mills; Joanna Quinn,FALSE,TRUE
2022,Best British Short Animation,Night of the Living Dread,movie,Danielle Goff; Hannah Kelso; Ida Melum; Laura Jayne Tunbridge,FALSE,TRUE
2022,Best British Short Film,The Black Cop,movie,Cherish Oteka,TRUE,FALSE
2022,Best British Short Film,Femme,movie,Sam H. Freeman; Ng Choon Ping; Sam Ritzenberg; Hayley Williams,FALSE,TRUE
2022,Best British Short Film,The Palace,movie,Jo Prichard,FALSE,FALSE
2022,Best British Short Film,Stuffed,movie,Joss Holden-Rea; Theo Rhys,FALSE,TRUE
2022,Best British Short Film,Three Meetings of the Extraordinary Committee,movie,Max Barron; Daniel Wheldon; Michael Woodward,FALSE,TRUE
2022,Rising Star Award,,movie,Lashana Lynch,TRUE,FALSE
2022,Rising Star Award,,movie,Ariana DeBose,FALSE,FALSE
2022,Rising Star Award,,movie,Harris Dickinson,FALSE,FALSE
2022,Rising Star Award,,movie,Millicent Simmonds,FALSE,FALSE
2022,Rising Star Award,,movie,Kodi Smit-McPhee,FALSE,FALSE
2021,Best Film,Nomadland,movie,Mollye Asher; Dan Janvey; Frances McDormand; Peter Spears; Chloé Zhao,TRUE,TRUE
2021,Best Film,The Father,movie,Philippe Carcassonne; Jean-Louis Livi; David Parfitt,FALSE,TRUE
2021,Best Film,The Mauritanian,movie,Adam Ackland; Leah Clarke; Beatriz Levin; Lloyd Levin,FALSE,TRUE
2021,Best Film,Promising Young Woman,movie,Ben Browning; Emerald Fennell; Ashley Fox; Josey McNamara,FALSE,TRUE
2021,Best Film,The Trial of the Chicago 7,movie,Stuart M. Besser; Marc Platt,FALSE,TRUE
2021,Best Director,Nomadland,movie,Chloé Zhao,TRUE,FALSE
2021,Best Director,"Quo Vadis, Aida?",movie,Jasmila Žbanić,FALSE,FALSE
2021,Best Director,Minari,movie,Lee Isaac Chung,FALSE,FALSE
2021,Best Director,Rocks,movie,Sarah Gavron,FALSE,FALSE
2021,Best Director,Babyteeth,movie,Shannon Murphy,FALSE,FALSE
2021,Best Director,Another Round,movie,Thomas Vinterberg,FALSE,FALSE
2021,Best Actor in a Leading Role,The Father,movie,Anthony Hopkins,TRUE,FALSE
2021,Best Actor in a Leading Role,The White Tiger,movie,Adarsh Gourav,FALSE,FALSE
2021,Best Actor in a Leading Role,Ma Rainey's Black Bottom,movie,Chadwick Boseman,FALSE,FALSE
2021,Best Actor in a Leading Role,Another Round,movie,Mads Mikkelsen,FALSE,FALSE
2021,Best Actor in a Leading Role,Sound of Metal,movie,Riz Ahmed,FALSE,FALSE
2021,Best Actor in a Leading Role,The Mauritanian,movie,Tahar Rahim,FALSE,FALSE
2021,Best Actress in a Leading Role,Nomadland,movie,Frances McDormand,TRUE,FALSE
2021,Best Actress in a Leading Role,Clemency,movie,Alfre Woodard,FALSE,FALSE
2021,Best Actress in a Leading Role,Rocks,movie,Bukky Bakray,FALSE,FALSE
2021,Best Actress in a Leading Role,The Forty-Year-Old Version,movie,Radha Blank,FALSE,FALSE
2021,Best Actress in a Leading Role,Pieces of a Woman,movie,Vanessa Kirby,FALSE,FALSE
2021,Best Actress in a Leading Role,His House,movie,Wunmi Mosaku,FALSE,FALSE
2021,Best Actor in a Supporting Role,Judas and the Black Messiah,movie,Daniel Kaluuya,TRUE,FALSE
2021,Best Actor in a Supporting Role,Minari,movie,Alan Kim,FALSE,FALSE
2021,Best Actor in a Supporting Role,Calm with Horses,movie,Barry Keoghan,FALSE,FALSE
2021,Best Actor in a Supporting Role,Da 5 Bloods,movie,Clarke Peters,FALSE,FALSE
2021,Best Actor in a Supporting Role,One Night in Miami...,movie,Leslie Odom Jr.,FALSE,FALSE
2021,Best Actor in a Supporting Role,Sound of Metal,movie,Paul Raci,FALSE,FALSE
2021,Best Actress in a Supporting Role,Minari,movie,Youn Yuh-jung,TRUE,FALSE
2021,Best Actress in a Supporting Role,County Lines,movie,Ashley Madekwe,FALSE,FALSE
2021,Best Actress in a Supporting Role,Judas and the Black Messiah,movie,Dominique Fishback,FALSE,FALSE
2021,Best Actress in a Supporting Role,Rocks,movie,Kosar Ali,FALSE,FALSE
2021,Best Actress in a Supporting Role,Borat Subsequent Moviefilm,movie,Maria Bakalova,FALSE,FALSE
2021,Best Actress in a Supporting Role,Calm with Horses,movie,Niamh Algar,FALSE,FALSE
2021,Best Original Screenplay,Promising Young Woman,movie,Emerald Fennell,TRUE,FALSE
2021,Best Original Screenplay,Another Round,movie,Tobias Lindholm; Thomas Vinterberg,FALSE,TRUE
2021,Best Original Screenplay,Mank,movie,Jack Fincher,FALSE,FALSE
2021,Best Original Screenplay,Rocks,movie,Theresa Ikoko; Claire Wilson,FALSE,TRUE
2021,Best Original Screenplay,The Trial of the Chicago 7,movie,Aaron Sorkin,FALSE,FALSE
2021,Best Adapted Screenplay,The Father,movie,Christopher Hampton; Florian Zeller,TRUE,TRUE
2021,Best Adapted Screenplay,The Dig,movie,Moira Buffini,FALSE,FALSE
2021,Best Adapted Screenplay,The Mauritanian,movie,Rory Haines; Sohrab Noshirvani; M.B. Traven,FALSE,TRUE
2021,Best Adapted Screenplay,Nomadland,movie,Chloé Zhao,FALSE,FALSE
2021,Best Adapted Screenplay,The White Tiger,movie,Ramin Bahrani,FALSE,FALSE
2021,Best Short Animation,The Owl and the Pussycat,movie,Mole Hill; Laura Duncalf,TRUE,TRUE
2021,Best Short Animation,The Fire Next Time,movie,Renaldho Pelle; Yanling Wang; Kerry Jade Kolbe,FALSE,TRUE
2021,Best Short Animation,The Song of a Lost Boy,movie,Daniel Quirke; Jamie MacDonald; Brid Arnstein,FALSE,TRUE
2021,Best Short Film,The Present,movie,Farah Nabulsi,TRUE,FALSE
2021,Best Short Film,Eyelash,movie,Jesse Lewis Reece; Ike Newman,FALSE,TRUE
2021,Best Short Film,Lizard,movie,Akinola Davies; Rachel Dargavel; Wale Davies,FALSE,TRUE
2021,Best Short Film,Lucky Break,movie,John Addis; Rami Sarras Pantoja,FALSE,TRUE
2021,Best Short Film,Miss Curvy,movie,Ghada Eldemellawy,FALSE,FALSE
2021,Best Animated Film,Soul,movie,Pete Docter; Dana Murray,TRUE,TRUE
2021,Best Animated Film,Onward,movie,Kori Rae; Dan Scanlon,FALSE,TRUE
2021,Best Animated Film,Wolfwalkers,movie,Tomm Moore; Ross Stewart; Paul Young,FALSE,TRUE
2021,Best Documentary,My Octopus Teacher,movie,Pippa Ehrlich; James Reed; Craig Foster,TRUE,TRUE
2021,Best Documentary,Collective,movie,Alexander Nanau,FALSE,FALSE
2021,Best Documentary,David Attenborough: A Life on Our Planet,movie,Alastair Fothergill; Jonnie Hughes; Keith Scholey,FALSE,TRUE
2021,Best Documentary,The Dissident,movie,Bryan Fogel; Thor Halvorssen; Mark Monroe; Jake Swantko,FALSE,TRUE
2021,Best Documentary,The Social Dilemma,movie,Jeff Orlowski; Larissa Phodes,FALSE,TRUE
2021,Best Film Not in the English Language,Another Round,movie,Thomas Vinterberg; Kasper Dissing; Sisse Graum Jørgensen,TRUE,TRUE
2021,Best Film Not in the English Language,Dear Comrades!,movie,Andrei Konchalovsky; Alisher Usmanov,FALSE,TRUE
2021,Best Film Not in the English Language,Les Misérables,movie,Ladj Ly; Toufik Ayadi; Christophe Barral,FALSE,TRUE
2021,Best Film Not in the English Language,Minari,movie,Lee Isaac Chung; Christina Oh,FALSE,TRUE
2021,Best Film Not in the English Language,"Quo Vadis, Aida?",movie,Jasmila Žbanić; Damir Ibrahimovich,FALSE,TRUE
2021,Best Casting,Rocks,movie,Lucy Pardee,TRUE,FALSE
2021,Best Casting,Calm with Horses,movie,Shaheen Baig,FALSE,FALSE
2021,Best Casting,Judas and the Black Messiah,movie,Alexa L. Fogel,FALSE,FALSE
2021,Best Casting,Minari,movie,Julia Kim,FALSE,FALSE
2021,Best Casting,Promising Young Woman,movie,Lindsay Graham-Ahanonu; Mary Vernieu,FALSE,TRUE
2021,Best Cinematography,Nomadland,movie,Joshua James Richards,TRUE,FALSE
2021,Best Cinematography,Judas and the Black Messiah,movie,Sean Bobbitt,FALSE,FALSE
2021,Best Cinematography,Mank,movie,Erik Messerschmidt,FALSE,FALSE
2021,Best Cinematography,The Mauritanian,movie,Alwin H. Küchler,FALSE,FALSE
2021,Best Cinematography,News of the World,movie,Dariusz Wolski,FALSE,FALSE
2021,Best Costume Design,Ma Rainey's Black Bottom,movie,Ann Roth,TRUE,FALSE
2021,Best Costume Design,Ammonite,movie,Michael O'Connor,FALSE,FALSE
2021,Best Costume Design,The Dig,movie,Alice Babidge,FALSE,FALSE
2021,Best Costume Design,Emma,movie,Alexandra Byrne,FALSE,FALSE
2021,Best Costume Design,Mank,movie,Trish Summerville,FALSE,FALSE
2021,Best Editing,Sound of Metal,movie,Mikkel E.G. Nielsen,TRUE,FALSE
2021,Best Editing,The Father,movie,Yorgos Lamprinos,FALSE,FALSE
2021,Best Editing,Nomadland,movie,Chloé Zhao,FALSE,FALSE
2021,Best Editing,Promising Young Woman,movie,Frédéric Thoraval,FALSE,FALSE
2021,Best Editing,The Trial of the Chicago 7,movie,Alan Baumgarten,FALSE,FALSE
2021,Best Makeup and Hair,Ma Rainey's Black Bottom,movie,Matiki Anoff; Larry M. Cherry; Sergio Lopez-Rivera; Mia Neal,TRUE,TRUE
2021,Best Makeup and Hair,The Dig,movie,Jenny Shircore,FALSE,FALSE
2021,Best Makeup and Hair,Hillbilly Elegy,movie,Patricia Dehaney; Eryn Krueger Mekash; Matthew W. Mungle,FALSE,TRUE
2021,Best Makeup and Hair,Mank,movie,Colleen LaBaff; Kimberley Spiteri; Gigi Williams,FALSE,TRUE
2021,Best Makeup and Hair,Pinocchio,movie,Dalia Colli; Mark Coulier; Francesco Pegoretti,FALSE,TRUE
2021,Best Original Music,Soul,movie,Jon Batiste; Trent Reznor; Atticus Ross,TRUE,TRUE
2021,Best Original Music,Mank,movie,Trent Reznor; Atticus Ross,FALSE,TRUE
2021,Best Original Music,Minari,movie,Emile Mosseri,FALSE,FALSE
2021,Best Original Music,News of the World,movie,James Newton Howard,FALSE,FALSE
2021,Best Original Music,Promising Young Woman,movie,Anthony Willis,FALSE,FALSE
2021,Best Production Design,Mank,movie,Donald Graham Burt; Jan Pascale,TRUE,TRUE
2021,Best Production Design,The Dig,movie,Maria Djurkovic; Tatiana Macdonald,FALSE,TRUE
2021,Best Production Design,The Father,movie,Peter Francis; Cathy Featherstone,FALSE,TRUE
2021,Best Production Design,News of the World,movie,David Crank; Elizabeth Keenan,FALSE,TRUE
2021,Best Production Design,Rebecca,movie,Sarah Greenwood; Katie Spencer,FALSE,TRUE
2021,Best Sound,Sound of Metal,movie,Jaime Baksht; Nicolas Becker; Phillip Bladh; Carlos Cortés; Michelle Couttolenc,TRUE,TRUE
2021,Best Sound,Greyhound,movie,Beau Borders; Christian P. Minkler; Michael Minkler; Warren Shaw; David Wyman,FALSE,TRUE
2021,Best Sound,News of the World,movie,Michael Fentum; William Miller; Mike Prestwood Smith; John Pritchett; Oliver Tarney,FALSE,TRUE
2021,Best Sound,Nomadland,movie,Sergio Díaz; Zach Seivers; M. Wolf Snyder,FALSE,TRUE
2021,Best Sound,Soul,movie,Coya Elliott; Ren Klyce; David Parker,FALSE,TRUE
2021,Best Special Visual Effects,Tenet,movie,Scott R. Fisher; Andrew Jackson; Andrew Lockley,TRUE,TRUE
2021,Best Special Visual Effects,Greyhound,movie,Peter Bebb; Nathan McGuinness; Sebastian von Overheidt,FALSE,TRUE
2021,Best Special Visual Effects,The Midnight Sky,movie,Matt Kasmir; Chris Lawrence; Max Solomon; David Watkins,FALSE,TRUE
2021,Best Special Visual Effects,Mulan,movie,Sean Faden; Steve Ingram; Anders Langlands; Seth Maury,FALSE,TRUE
2021,Best Special Visual Effects,The One and Only Ivan,movie,Santiago Colomo Martinez; Nick Davis; Greg Fisher; Ben Jones,FALSE,TRUE
2021,Outstanding British Film,Promising Young Woman,movie,Emerald Fennell; Ben Browning; Ashley Fox; Josey McNamara,TRUE,TRUE
2021,Outstanding British Film,Calm with Horses,movie,Nick Rowland; Daniel Emmerson; Joe Murtagh,FALSE,TRUE
2021,Outstanding British Film,The Dig,movie,Simon Stone; Gabrielle Tana; Moira Buffini,FALSE,TRUE
2021,Outstanding British Film,The Father,movie,Florian Zeller; Philippe Carcassonne; Jean-Louis Livi; David Parfitt; Christopher Hampton,FALSE,TRUE
2021,Outstanding British Film,His House,movie,Remi Weekes; Martin Gentles; Edward King; Roy Lee,FALSE,TRUE
2021,Outstanding British Film,Limbo,movie,Ben Sharrock; Irune Gurtubai; Angus Lamont,FALSE,TRUE
2021,Outstanding British Film,The Mauritanian,movie,Kevin Macdonald; Adam Ackland; Leah Clarke; Beatriz Levin; Lloyd Levin; Rory Haines; Sohrab Noshirvani; M.B. Traven,FALSE,TRUE
2021,Outstanding British Film,Mogul Mowgli,movie,Bassam Tariq; Riz Ahmed; Thomas Benski; Bennett McGhee,FALSE,TRUE
2021,Outstanding British Film,Rocks,movie,Sarah Gavron; Ameenah Ayub Allen; Faye Ward; Theresa Ikoko; Claire Wilson,FALSE,TRUE
2021,Outstanding British Film,Saint Maud,movie,Rose Glass; Andrea Cornwell; Oliver Kassman,FALSE,TRUE
2021,"Outstanding Debut by a British Writer, Director or Producer",His House,movie,Remi Weekes (Writer/Director),TRUE,FALSE
2021,"Outstanding Debut by a British Writer, Director or Producer",Limbo,movie,Ben Sharrock (Writer/Director); Irune Gurtubai (),FALSE,TRUE
2021,"Outstanding Debut by a British Writer, Director or Producer",Moffie,movie,Jack Sidey (Writer/),FALSE,FALSE
2021,"Outstanding Debut by a British Writer, Director or Producer",Rocks,movie,Theresa Ikoko; Claire Wilson (Writer),FALSE,TRUE
2021,"Outstanding Debut by a British Writer, Director or Producer",Saint Maud,movie,Rose Glass (Writer/Director); Oliver Kassman (),FALSE,TRUE
2021,Rising Star Award,,movie,Bukky Bakray,TRUE,FALSE
2021,Rising Star Award,,movie,Conrad Khan,FALSE,FALSE
2021,Rising Star Award,,movie,Kingsley Ben-Adir,FALSE,FALSE
2021,Rising Star Award,,movie,Morfydd Clark,FALSE,FALSE
2021,Rising Star Award,,movie,Ṣọpẹ Dìrísù,FALSE,FALSE
